{"data_time": 0.005179807999979857, "eta_seconds": 85.15589572001318, "fast_rcnn/cls_accuracy": 0.884765625, "iteration": 19, "loss_box_reg": 0.0, "loss_cls": 0.5806505680084229, "loss_mask": 0.0, "loss_rpn_cls": 0.007341763935983181, "loss_rpn_loc": 0.008997101336717606, "lr": 1.60675e-05, "rank_data_time": 0.005179807999979857, "roi_head/num_bg_samples": 128.0, "roi_head/num_fg_samples": 0.0, "rpn/num_neg_anchors": 251.5, "rpn/num_pos_anchors": 4.5, "time": 0.30412819900004706, "total_loss": 0.5902186540188268}
{"data_time": 0.005349363000050289, "eta_seconds": 76.7866278400038, "fast_rcnn/cls_accuracy": 1.0, "iteration": 39, "loss_box_reg": 0.0, "loss_cls": 0.2915543466806412, "loss_mask": 0.0, "loss_rpn_cls": 0.0032296229619532824, "loss_rpn_loc": 0.008455144241452217, "lr": 3.2717500000000007e-05, "rank_data_time": 0.005349363000050289, "roi_head/num_bg_samples": 128.0, "roi_head/num_fg_samples": 0.0, "rpn/num_neg_anchors": 252.25, "rpn/num_pos_anchors": 3.75, "time": 0.29282321549999324, "total_loss": 0.3007902806857601}
{"data_time": 0.005115153500014458, "eta_seconds": 71.40866219999225, "fast_rcnn/cls_accuracy": 1.0, "iteration": 59, "loss_box_reg": 0.0, "loss_cls": 0.09437637403607368, "loss_mask": 0.0, "loss_rpn_cls": 0.0040438666474074125, "loss_rpn_loc": 0.009525975212454796, "lr": 4.93675e-05, "rank_data_time": 0.005115153500014458, "roi_head/num_bg_samples": 128.0, "roi_head/num_fg_samples": 0.0, "rpn/num_neg_anchors": 251.5, "rpn/num_pos_anchors": 4.5, "time": 0.3063845775000118, "total_loss": 0.11088441651372705}
{"data_time": 0.005245598999977119, "eta_seconds": 67.12156055000378, "fast_rcnn/cls_accuracy": 1.0, "iteration": 79, "loss_box_reg": 0.0, "loss_cls": 0.03801537677645683, "loss_mask": 0.0, "loss_rpn_cls": 0.006447655148804188, "loss_rpn_loc": 0.009958551730960608, "lr": 6.60175e-05, "rank_data_time": 0.005245598999977119, "roi_head/num_bg_samples": 128.0, "roi_head/num_fg_samples": 0.0, "rpn/num_neg_anchors": 251.0, "rpn/num_pos_anchors": 5.0, "time": 0.31119814649991895, "total_loss": 0.06163123995065689}
{"data_time": 0.005639600499989683, "eta_seconds": 61.17656890000944, "fast_rcnn/cls_accuracy": 1.0, "iteration": 99, "loss_box_reg": 0.0, "loss_cls": 0.022870811633765697, "loss_mask": 0.0, "loss_rpn_cls": 0.0032486554700881243, "loss_rpn_loc": 0.007128830999135971, "lr": 8.266750000000001e-05, "rank_data_time": 0.005639600499989683, "roi_head/num_bg_samples": 128.0, "roi_head/num_fg_samples": 0.0, "rpn/num_neg_anchors": 252.0, "rpn/num_pos_anchors": 4.0, "time": 0.31357492699999057, "total_loss": 0.03381640458246693}
{"data_time": 0.005604303500035712, "eta_seconds": 54.91764045000309, "fast_rcnn/cls_accuracy": 1.0, "iteration": 119, "loss_box_reg": 0.0, "loss_cls": 0.013728367630392313, "loss_mask": 0.0, "loss_rpn_cls": 0.0028315564850345254, "loss_rpn_loc": 0.006420514080673456, "lr": 9.93175e-05, "rank_data_time": 0.005604303500035712, "roi_head/num_bg_samples": 128.0, "roi_head/num_fg_samples": 0.0, "rpn/num_neg_anchors": 251.5, "rpn/num_pos_anchors": 4.5, "time": 0.3041958449999811, "total_loss": 0.025935345620382577}
{"data_time": 0.0055977859999529755, "eta_seconds": 48.875687360014126, "fast_rcnn/cls_accuracy": 1.0, "iteration": 139, "loss_box_reg": 0.0, "loss_cls": 0.008633088320493698, "loss_mask": 0.0, "loss_rpn_cls": 0.0015633291914127767, "loss_rpn_loc": 0.005265852203592658, "lr": 0.0001159675, "rank_data_time": 0.0055977859999529755, "roi_head/num_bg_samples": 128.0, "roi_head/num_fg_samples": 0.0, "rpn/num_neg_anchors": 252.0, "rpn/num_pos_anchors": 4.0, "time": 0.3121989465000752, "total_loss": 0.015121222124435008}
{"data_time": 0.0056168350000689315, "eta_seconds": 43.06425493999086, "fast_rcnn/cls_accuracy": 1.0, "iteration": 159, "loss_box_reg": 0.0, "loss_cls": 0.00613822415471077, "loss_mask": 0.0, "loss_rpn_cls": 0.0016683241119608283, "loss_rpn_loc": 0.0052773847710341215, "lr": 0.0001326175, "rank_data_time": 0.0056168350000689315, "roi_head/num_bg_samples": 128.0, "roi_head/num_fg_samples": 0.0, "rpn/num_neg_anchors": 252.0, "rpn/num_pos_anchors": 4.0, "time": 0.3204460184999789, "total_loss": 0.015519112814217806}
{"data_time": 0.005677011499869877, "eta_seconds": 37.15799255998718, "fast_rcnn/cls_accuracy": 1.0, "iteration": 179, "loss_box_reg": 0.0, "loss_cls": 0.003916106652468443, "loss_mask": 0.0, "loss_rpn_cls": 0.0008057145751081407, "loss_rpn_loc": 0.004317449871450663, "lr": 0.0001492675, "rank_data_time": 0.005677011499869877, "roi_head/num_bg_samples": 128.0, "roi_head/num_fg_samples": 0.0, "rpn/num_neg_anchors": 252.25, "rpn/num_pos_anchors": 3.75, "time": 0.31445433350006624, "total_loss": 0.010199543903581798}
{"data_time": 0.005556796999940161, "eta_seconds": 31.003839099992092, "fast_rcnn/cls_accuracy": 1.0, "iteration": 199, "loss_box_reg": 0.0, "loss_cls": 0.00306137278676033, "loss_mask": 0.0, "loss_rpn_cls": 0.002252699574455619, "loss_rpn_loc": 0.004280460299924016, "lr": 0.0001659175, "rank_data_time": 0.005556796999940161, "roi_head/num_bg_samples": 128.0, "roi_head/num_fg_samples": 0.0, "rpn/num_neg_anchors": 252.0, "rpn/num_pos_anchors": 4.0, "time": 0.31228154650000306, "total_loss": 0.009519858052954078}
{"eta_seconds": 28.537849196000025, "fast_rcnn/cls_accuracy": 1.0, "iteration": 207, "roi_head/num_bg_samples": 128.0, "roi_head/num_fg_samples": 0.0, "rpn/num_neg_anchors": 251.5, "rpn/num_pos_anchors": 4.5}
{"data_time": 0.005781482000088545, "iteration": 206, "loss_box_reg": 0.0, "loss_cls": 0.0030343433609232306, "loss_mask": 0.0, "loss_rpn_cls": 0.0018229056149721146, "loss_rpn_loc": 0.004011666402220726, "lr": 0.000171745, "rank_data_time": 0.005781482000088545, "time": 0.3129388189998963, "total_loss": 0.009464474802371114}
{"eta_seconds": 94.75213295200956, "fast_rcnn/cls_accuracy": 0.134765625, "iteration": 7, "roi_head/num_bg_samples": 128.0, "roi_head/num_fg_samples": 0.0, "rpn/num_neg_anchors": 253.0, "rpn/num_pos_anchors": 3.0}
{"data_time": 0.005240127999968536, "iteration": 6, "loss_box_reg": 0.0, "loss_cls": 0.8124336004257202, "loss_mask": 0.0, "loss_rpn_cls": 0.00821623019874096, "loss_rpn_loc": 0.007257695309817791, "lr": 5.245e-06, "rank_data_time": 0.005240127999968536, "time": 0.32449360600003274, "total_loss": 0.8243183959275484}
{"data_time": 0.17458002649993887, "eta_seconds": 469.06408016998284, "fast_rcnn/cls_accuracy": 0.47998046875, "iteration": 19, "loss_box_reg": 0.0, "loss_cls": 0.7000435590744019, "loss_mask": 0.0, "loss_rpn_cls": 0.007818009704351425, "loss_rpn_loc": 0.009036519564688206, "lr": 2.3976250000000003e-05, "rank_data_time": 0.17458002649993887, "roi_head/num_bg_samples": 128.0, "roi_head/num_fg_samples": 0.0, "rpn/num_neg_anchors": 251.15625, "rpn/num_pos_anchors": 4.84375, "time": 2.6059115564999047, "total_loss": 0.717748501803726}
{"data_time": 0.18176458449988786, "eta_seconds": 410.7532963199992, "fast_rcnn/cls_accuracy": 1.0, "iteration": 39, "loss_box_reg": 0.0, "loss_cls": 0.23913740366697311, "loss_mask": 0.0, "loss_rpn_cls": 0.00603875401429832, "loss_rpn_loc": 0.008670195005834103, "lr": 4.895125e-05, "rank_data_time": 0.18176458449988786, "roi_head/num_bg_samples": 128.0, "roi_head/num_fg_samples": 0.0, "rpn/num_neg_anchors": 251.3125, "rpn/num_pos_anchors": 4.6875, "time": 2.5288070720000633, "total_loss": 0.2524927828926593}
{"data_time": 0.1954987765000169, "eta_seconds": 370.46817689001045, "fast_rcnn/cls_accuracy": 1.0, "iteration": 59, "loss_box_reg": 0.0, "loss_cls": 0.05361863039433956, "loss_mask": 0.0, "loss_rpn_cls": 0.005238851998001337, "loss_rpn_loc": 0.00812327116727829, "lr": 7.392625e-05, "rank_data_time": 0.1954987765000169, "roi_head/num_bg_samples": 128.0, "roi_head/num_fg_samples": 0.0, "rpn/num_neg_anchors": 251.53125, "rpn/num_pos_anchors": 4.46875, "time": 2.9787631565000083, "total_loss": 0.06732567283324897}
{"data_time": 0.18732779599986316, "eta_seconds": 348.1113331800134, "fast_rcnn/cls_accuracy": 1.0, "iteration": 79, "loss_box_reg": 0.0, "loss_cls": 0.020725064910948277,